SurveyYear,RouteNumStopNum,JulianDate,Bfow,MinAfterSunset,Temperature
2001,211202.01,72,0,48,8.3
2001,211202.02,72,0,64,7.8
2001,211202.03,72,0,72,7.8
2001,211202.04,72,0,81,7.8
2001,211202.05,72,0,90,7.8
2001,211202.06,72,0,97,7.2
2001,211202.07,72,0,106,7.8
2001,211202.08,72,0,114,7.2
2001,211202.09,72,0,122,7.8
2001,211202.1,72,0,130,8.3
2001,211001.01,82,0,51,8.9
2001,211001.02,82,0,73,8.9
2001,211001.03,82,0,86,10
2001,211001.04,82,0,101,8.9
2001,211001.05,82,0,115,9.4
2001,211001.06,82,0,136,8.9
2001,211001.07,82,0,155,10
2001,211001.08,82,0,168,9.4
2001,211001.09,82,0,181,9.4
2001,211001.1,82,0,192,9.4
2001,210302.01,89,0,37,12.2
2001,210302.02,89,0,47,12.2
2001,210302.03,89,0,57,11.7
2001,210302.04,89,0,67,11.7
2001,210302.05,89,0,77,11.7
2001,210302.06,89,0,87,10.6
2001,210302.07,89,0,97,10.6
2001,210302.08,89,0,107,10
2001,210302.09,89,0,117,10
2001,210302.1,89,0,127,9.4
2001,210801.01,90,0,108,8
2001,210801.02,90,0,116,10
2001,210801.03,90,0,134,8
2001,210801.04,90,0,144,8
2001,210801.05,90,0,162,7
2001,210801.06,90,0,170,8
2001,210801.07,90,0,181,8
2001,210801.08,90,0,193,6.5
2001,210801.09,90,0,199,7
2001,210801.1,90,0,211,6
2001,210702.01,93,0,91,6
2001,210702.02,93,0,100,5
2001,210702.03,93,0,108,4
2001,210702.04,93,0,119,4
2001,210702.05,93,0,136,5
2001,210702.06,93,0,149,5
2001,210702.07,93,0,159,4
2001,210702.08,93,0,167,4
2001,210702.09,93,0,177,5
2001,210702.1,93,0,185,4
2001,211301.01,94,0,31,16
2001,211301.02,94,0,55,12
2001,211301.03,94,0,67,13
2001,211301.04,94,0,79,10
2001,211301.05,94,0,91,11
2001,211301.06,94,0,103,11
2001,211301.07,94,0,115,11
2001,211301.08,94,0,127,11
2001,211301.09,94,0,139,14
2001,211301.1,94,0,151,12
2001,210602.01,95,0,31,15
2001,210602.02,95,0,41,14
2001,210602.03,95,0,56,13
2001,210602.04,95,0,66,12
2001,210602.05,95,0,76,12
2001,210602.06,95,0,86,11
2001,210602.07,95,0,96,9
2001,210602.08,95,0,106,9
2001,210602.09,95,0,111,8
2001,210602.1,95,0,121,8
2001,211101.01,95,0,33,7
2001,211101.02,95,0,45,5.5
2001,211101.03,95,0,60,6.5
2001,211101.04,95,0,72,9
2001,211101.05,95,0,92,8
2001,211101.06,95,0,110,7
2001,211101.07,95,0,133,7
2001,211101.08,95,0,146,7
2001,211101.09,95,0,158,6.3
2001,211101.1,95,0,168,5
2001,211102.01,95,0,41,12
2001,211102.02,95,0,52,10
2001,211102.03,95,0,59,9
2001,211102.04,95,0,70,9
2001,211102.05,95,0,81,10
2001,211102.06,95,0,86,8
2001,211102.07,95,0,99,11
2001,211102.08,95,0,106,9
2001,211102.09,95,0,116,8
2001,211102.1,95,0,126,7
2001,210601.01,96,0,44,14.4
2001,210601.02,96,0,54,14.4
2001,210601.03,96,0,64,14.4
2001,210601.04,96,0,72,13.9
2001,210601.05,96,0,84,13.9
2001,210601.06,96,0,92,13.9
2001,210601.07,96,0,100,13.9
2001,210601.08,96,0,108,13.9
2001,210601.09,96,0,115,13.9
2001,210601.1,96,0,122,13.9
2001,210902.01,103,3,52,17
2001,210902.02,103,0,66,17
2001,210902.03,103,0,73,17
2001,210902.04,103,0,80,17
2001,210902.05,103,1,87,17
2001,210902.06,103,2,94,17
2001,210902.07,103,3,101,17
2001,210902.08,103,2,108,17
2001,210902.09,103,3,115,17
2001,210902.1,103,0,122,17
2001,210802.01,111,2,76,25
2001,210802.02,111,0,86,23
2001,210802.03,111,0,93,23
2001,210802.04,111,0,99,21
2001,210802.05,111,2,109,21
2001,210802.06,111,3,116,21
2001,210802.07,111,3,119,26
2001,210802.08,111,3,130,22
2001,210802.09,111,3,137,22
2001,210802.1,111,3,140,23
2001,210702.01,113,2,84,22
2001,210702.02,113,1,94,20
2001,210702.03,113,3,103,21
2001,210702.04,113,3,115,20
2001,210702.05,113,3,124,20
2001,210702.06,113,1,134,20
2001,210702.07,113,1,143,20
2001,210702.08,113,3,155,19
2001,210702.09,113,2,164,19
2001,210702.1,113,2,172,19
2001,211001.01,117,0,26,17.8
2001,211001.02,117,0,41,17.8
2001,211001.03,117,0,55,17.8
2001,211001.04,117,0,73,18.9
2001,211001.05,117,0,82,17.2
2001,211001.06,117,0,99,17.8
2001,211001.07,117,0,109,17.2
2001,211001.08,117,0,122,15.6
2001,211001.09,117,0,134,15.6
2001,211001.1,117,0,145,16.7
2001,210601.01,120,0,81,15.6
2001,210601.02,120,0,91,15.6
2001,210601.03,120,0,99,15.6
2001,210601.04,120,0,109,15.6
2001,210601.05,120,0,121,15.6
2001,210601.06,120,0,134,15.6
2001,210601.07,120,0,141,15
2001,210601.08,120,0,149,15
2001,210601.09,120,0,156,14.4
2001,210601.1,120,0,165,15
2001,211101.01,122,0,32,19
2001,211101.02,122,0,43,16.5
2001,211101.03,122,0,57,16.5
2001,211101.04,122,0,68,18
2001,211101.05,122,0,88,19.5
2001,211101.06,122,0,106,16.5
2001,211101.07,122,0,138,19
2001,211101.08,122,1,147,17.5
2001,211101.09,122,0,163,16
2001,211101.1,122,1,172,14
2001,210801.01,123,0,32,23.5
2001,210801.02,123,0,41,21.5
2001,210801.03,123,0,64,19
2001,210801.04,123,0,72,19.5
2001,210801.05,123,0,84,17.5
2001,210801.07,123,0,104,19.5
2001,210801.08,123,0,113,17.5
2001,210801.09,123,0,124,18
2001,210801.1,123,0,132,16.5
2001,211202.01,124,1,54,23.9
2001,211202.02,124,1,61,21.1
2001,211202.03,124,1,70,21.7
2001,211202.04,124,1,79,21.1
2001,211202.05,124,0,88,20.6
2001,211202.06,124,1,97,19.4
2001,211202.07,124,1,113,19.4
2001,211202.08,124,1,120,19.4
2001,211202.09,124,0,131,20.6
2001,211202.1,124,1,139,20
2001,210302.02,129,0,-21,16.1
2001,210302.03,129,0,-11,16.1
2001,210302.04,129,0,-1,16.1
2001,210302.05,129,0,9,16.1
2001,210302.06,129,0,19,15
2001,210302.07,129,0,29,15.6
2001,210302.08,129,0,39,15.6
2001,210302.09,129,0,49,15
2001,210302.1,129,0,59,15
2001,211002.01,130,0,32,20.6
2001,211002.02,130,0,43,18.9
2001,211002.03,130,0,53,18.9
2001,211002.04,130,0,66,18.3
2001,211002.05,130,1,75,18.3
2001,211002.06,130,0,83,16.7
2001,211002.07,130,0,93,16.7
2001,211002.08,130,0,103,13.9
2001,211002.09,130,0,113,13.9
2001,211002.1,130,0,120,13.9
2001,211102.01,131,1,31,22
2001,211102.02,131,1,43,23
2001,211102.03,131,1,54,20
2001,211102.04,131,0,65,21
2001,211102.05,131,0,78,20
2001,211102.06,131,0,85,20
2001,211102.07,131,0,93,21
2001,211102.08,131,0,100,22
2001,211102.09,131,3,108,21
2001,211102.1,131,0,115,20
2001,210602.01,135,2,69,15
2001,210602.02,135,1,74,15
2001,210602.03,135,1,99,14.4
2001,210602.04,135,0,114,14.4
2001,210602.05,135,2,124,13.9
2001,210602.06,135,0,134,13.9
2001,210602.07,135,0,144,13.9
2001,210602.08,135,0,154,13.9
2001,210602.09,135,0,164,13.3
2001,210602.1,135,0,174,13.9
2001,211301.01,135,0,-9,18
2001,211301.02,135,0,15,18
2001,211301.03,135,0,27,19
2001,211301.04,135,0,39,19
2001,211301.05,135,0,51,17
2001,211301.06,135,0,63,16
2001,211301.07,135,0,75,21
2001,211301.08,135,0,87,20
2001,211301.09,135,0,99,19
2001,211301.1,135,0,111,19
2001,210601.01,156,3,74,21.1
2001,210601.02,156,3,84,21.1
2001,210601.03,156,2,96,21.1
2001,210601.04,156,3,164,20.6
2001,210601.05,156,1,173,21.1
2001,210601.06,156,2,179,20.6
2001,210601.07,156,2,191,20.6
2001,210601.08,156,0,206,20
2001,210601.09,156,1,219,20
2001,210601.1,156,1,228,20
2001,211101.01,157,0,30,19
2001,211101.02,157,0,45,18
2001,211101.03,157,0,58,19.5
2001,211101.04,157,0,69,20
2001,211101.05,157,0,87,21
2001,211101.06,157,0,106,20
2001,211101.07,157,1,128,21
2001,211101.08,157,0,137,20
2001,211101.09,157,0,150,20.5
2001,211101.1,157,0,159,21
2001,210302.01,159,2,36,19.4
2001,210302.02,159,0,46,19.4
2001,210302.03,159,0,56,19.4
2001,210302.04,159,1,66,19.4
2001,210302.05,159,0,76,19.4
2001,210302.06,159,0,86,19.4
2001,210302.07,159,0,96,19.4
2001,210302.08,159,0,106,18.3
2001,210302.09,159,2,116,19.4
2001,210302.1,159,0,126,18.3
2001,211202.01,160,2,97,17.2
2001,211202.02,160,2,106,16.7
2001,211202.03,160,2,115,17.2
2001,211202.04,160,2,138,17.8
2001,211202.05,160,1,148,17.2
2001,211202.06,160,1,155,17.8
2001,211202.07,160,1,166,17.2
2001,211202.08,160,1,174,17.2
2001,211202.09,160,0,183,17.2
2001,211202.1,160,0,192,17.2
2001,211002.01,161,1,33,23.9
2001,211002.02,161,2,43,22.8
2001,211002.03,161,2,50,21.7
2001,211002.04,161,0,69,21.7
2001,211002.05,161,2,76,21.7
2001,211002.06,161,2,83,20.6
2001,211002.07,161,2,94,19.4
2001,211002.08,161,2,103,18.9
2001,211002.09,161,2,115,16.7
2001,211002.1,161,0,125,17.2
2001,211102.01,169,0,34,22
2001,211102.02,169,1,46,21
2001,211102.03,169,1,56,20
2001,211102.04,169,0,64,21
2001,211102.05,169,1,77,21
2001,211102.06,169,0,84,20
2001,211102.07,169,0,92,21
2001,211102.08,169,0,99,21
2001,211102.09,169,3,110,20
2001,211102.1,169,1,118,20
2001,210702.01,171,0,48,26
2001,210702.02,171,0,56,25
2001,210702.03,171,3,60,28
2001,210702.04,171,3,77,23
2001,210702.05,171,3,85,23
2001,210702.06,171,0,93,23
2001,210702.07,171,0,101,23
2001,210702.08,171,2,108,24
2001,210702.09,171,0,116,23
2001,210702.1,171,2,129,24
2001,210602.01,175,3,75,21.1
2001,210602.02,175,2,85,21.1
2001,210602.03,175,0,100,20
2001,210602.04,175,0,110,20
2001,210602.05,175,1,120,20
2001,210602.06,175,0,135,19.4
2001,210602.07,175,2,145,19.4
2001,210602.08,175,0,160,18.9
2001,210602.09,175,1,170,19.4
2001,210602.1,175,2,180,18.9
2001,210801.01,177,0,56,23
2001,210801.02,177,0,68,23
2001,210801.03,177,0,92,22.5
2001,210801.04,177,0,100,23.5
2001,210801.05,177,0,112,22.5
2001,210801.06,177,0,121,23.5
2001,210801.07,177,0,130,22
2001,210801.08,177,0,143,21.5
2001,210801.09,177,0,155,20
2001,210801.1,177,0,163,20
2001,211001.01,178,0,11,26.1
2001,211001.02,178,0,27,25.6
2001,211001.03,178,0,39,25.6
2001,211001.04,178,2,49,25.6
2001,211001.05,178,0,58,25.6
2001,211001.06,178,0,70,24.4
2001,211001.07,178,0,80,24.4
2001,211001.08,178,0,93,25
2001,211001.09,178,0,104,24.4
2001,211001.1,178,1,113,25.6
2001,211301.02,179,0,-9,26
2001,211301.03,179,0,3,26
2001,211301.04,179,0,15,26
2001,211301.05,179,0,27,27
2001,211301.06,179,0,39,26
2001,211301.07,179,0,51,26
2001,211301.08,179,0,63,27
2001,211301.09,179,0,75,28
2001,211301.1,179,0,87,28
2002,211301.01,62,0,63,10
2002,211301.02,62,0,84,10
2002,211301.03,62,0,99,10
2002,211301.04,62,0,109,10
2002,211301.05,62,0,120,10
2002,211301.06,62,0,145,9
2002,211301.07,62,0,158,9
2002,211301.08,62,0,169,9
2002,211301.09,62,0,190,9
2002,211301.1,62,0,213,8
2002,210702.01,67,0,88,12
2002,210702.02,67,0,98,12
2002,210702.03,67,0,111,12
2002,210702.04,67,0,125,12
2002,210702.05,67,0,133,11
2002,210702.06,67,0,138,11
2002,210702.07,67,0,148,11
2002,210702.08,67,0,156,11
2002,210702.09,67,0,164,10
2002,210702.1,67,0,171,10
2002,211202.01,70,0,71,10.6
2002,211202.02,70,0,80,10
2002,211202.03,70,0,89,8.3
2002,211202.04,70,0,97,10.6
2002,211202.05,70,0,106,10.6
2002,211202.06,70,0,113,10.6
2002,211202.07,70,0,120,9.4
2002,211202.08,70,0,127,8.3
2002,211202.09,70,0,135,10.6
2002,211202.1,70,0,146,10
2002,211101.01,73,0,107,11
2002,211101.02,73,0,119,11.5
2002,211101.03,73,0,135,13.5
2002,211101.04,73,0,145,12
2002,211101.05,73,0,167,11.5
2002,211101.06,73,0,182,10.5
2002,211101.07,73,0,212,13
2002,211101.08,73,0,222,12.5
2002,211101.09,73,0,240,9.5
2002,211101.1,73,0,257,6
2002,210901.01,83,0,62,10
2002,210901.02,83,0,82,11.7
2002,210901.03,83,0,99,11.1
2002,210901.04,83,0,116,10
2002,210901.05,83,0,128,10
2002,210901.06,83,0,144,10
2002,210901.07,83,0,155,8.9
2002,210901.08,83,0,167,8.3
2002,210901.09,83,0,182,8.3
2002,210901.1,83,0,192,6.7
2002,210601.01,85,0,55,8.9
2002,210601.02,85,0,64,8.3
2002,210601.03,85,0,78,9.4
2002,210601.04,85,0,87,9.4
2002,210601.05,85,0,105,8.9
2002,210601.06,85,0,117,10
2002,210601.07,85,0,131,9.4
2002,210601.08,85,0,140,10
2002,210601.09,85,0,151,10.6
2002,210601.1,85,0,170,10
2002,210801.01,89,0,73,18
2002,210801.02,89,0,79,17
2002,210801.03,89,0,103,16.5
2002,210801.04,89,0,112,15
2002,210801.05,89,0,123,16.5
2002,210801.06,89,0,132,16
2002,210801.07,89,0,140,15
2002,210801.08,89,0,153,14.5
2002,210801.09,89,0,164,13.5
2002,210801.1,89,0,172,13.5
2002,211002.01,92,0,31,17.2
2002,211002.02,92,0,38,17.8
2002,211002.03,92,0,45,17.8
2002,211002.04,92,0,54,16.7
2002,211002.05,92,0,68,16.7
2002,211002.06,92,0,78,16.7
2002,211002.07,92,0,86,16.7
2002,211002.08,92,0,94,16.7
2002,211002.09,92,0,102,16.7
2002,211002.1,92,0,109,17.2
2002,211001.01,109,0,-3,22.2
2002,211001.02,109,0,13,22.2
2002,211001.03,109,0,23,22.2
2002,211001.04,109,0,36,22.2
2002,211001.05,109,0,49,21.7
2002,211001.06,109,0,60,23.3
2002,211001.07,109,0,69,21.1
2002,211001.08,109,0,82,21.1
2002,211001.09,109,0,94,21.1
2002,211001.1,109,0,106,22.2
2002,210601.01,110,0,34,20
2002,210601.02,110,0,51,20
2002,210601.03,110,0,65,19.4
2002,210601.04,110,0,69,20
2002,210601.05,110,0,91,18.9
2002,210601.06,110,0,102,18.9
2002,210601.07,110,0,114,17.8
2002,210601.08,110,0,128,18.3
2002,210601.09,110,0,137,16.7
2002,210601.1,110,0,152,16.1
2002,211101.01,127,0,49,23.5
2002,211101.02,127,0,62,23
2002,211101.03,127,0,79,21
2002,211101.04,127,0,91,22.5
2002,211101.05,127,0,112,22.5
2002,211101.06,127,1,132,19
2002,211101.07,127,2,156,21.5
2002,211101.08,127,2,164,24
2002,211101.09,127,0,179,21
2002,211101.1,127,2,198,16.5
2002,211202.01,127,2,68,21.1
2002,211202.02,127,2,78,20.6
2002,211202.03,127,2,87,20.6
2002,211202.04,127,1,102,20.6
2002,211202.05,127,1,112,20.6
2002,211202.06,127,2,121,20.6
2002,211202.07,127,2,131,20
2002,211202.08,127,1,140,19.4
2002,211202.09,127,1,150,19.4
2002,211202.1,127,2,159,19.4
2002,210702.01,129,0,69,19
2002,210702.02,129,0,78,18
2002,210702.03,129,1,85,18
2002,210702.04,129,0,98,18
2002,210702.05,129,0,105,18
2002,210702.06,129,0,115,18
2002,210702.07,129,0,122,18
2002,210702.08,129,1,131,19
2002,210702.09,129,0,139,19
2002,210702.1,129,2,148,18
2002,211301.01,131,0,50,19
2002,211301.02,131,0,72,17
2002,211301.03,131,0,83,16
2002,211301.04,131,0,95,15
2002,211301.05,131,0,119,15
2002,211301.06,131,0,139,15
2002,211301.07,131,0,149,15
2002,211301.08,131,0,162,15
2002,211301.09,131,0,181,14
2002,211301.1,131,0,196,13.5
2002,210601.01,160,3,42,20.6
2002,210601.02,160,3,50,20.6
2002,210601.03,160,0,58,20
2002,210601.04,160,1,67,20.6
2002,210601.05,160,1,91,20
2002,210601.06,160,2,101,19.4
2002,210601.07,160,2,113,19.4
2002,210601.08,160,0,121,20.6
2002,210601.09,160,2,132,19.4
2002,210601.1,160,0,151,19.4
2002,210702.01,170,0,146,20
2002,210702.02,170,1,153,20
2002,210702.03,170,0,161,20
2002,210702.04,170,0,173,19
2002,210702.05,170,0,181,20
2002,210702.06,170,0,189,20
2002,210702.07,170,0,196,19
2002,210702.08,170,0,205,19
2002,210702.09,170,0,214,20
2002,210702.1,170,0,222,19
2002,211001.01,172,0,4,21.1
2002,211001.02,172,0,17,21.1
2002,211001.03,172,0,28,21.1
2002,211001.04,172,0,41,21.1
2002,211001.05,172,0,52,20
2002,211001.06,172,0,65,20
2002,211001.07,172,0,75,20
2002,211001.08,172,0,88,20
2002,211001.09,172,0,99,20
2002,211001.1,172,0,108,21.1
2002,211101.01,175,0,29,23
2002,211101.02,175,0,41,23
2002,211101.03,175,0,56,24
2002,211101.04,175,0,67,26.5
2002,211101.05,175,0,89,24
2002,211101.06,175,0,107,24
2002,211101.07,175,0,140,24
2002,211101.08,175,0,150,24
2002,211101.09,175,0,165,23.5
2002,211101.1,175,0,176,24.5
2002,211301.01,176,0,17,27
2002,211301.02,176,0,48,27
2002,211301.03,176,0,59,27
2002,211301.04,176,0,70,27
2002,211301.05,176,0,82,27
2002,211301.06,176,1,99,26
2002,211301.07,176,0,110,27
2002,211301.08,176,0,120,26
2002,211301.09,176,0,142,25
2002,211301.1,176,0,159,24
2002,211202.01,179,0,60,22.2
2002,211202.02,179,0,71,22.8
2002,211202.03,179,1,82,22.2
2002,211202.04,179,1,94,21.7
2002,211202.05,179,0,103,21.1
2002,211202.06,179,0,110,22.2
2002,211202.07,179,0,118,22.8
2002,211202.08,179,1,127,22.2
2002,211202.09,179,0,136,22.8
2002,211202.1,179,1,145,21.7
2002,210901.01,180,0,17,25
2002,210901.02,180,0,31,26.1
2002,210901.03,180,0,42,24.4
2002,210901.04,180,0,60,23.9
2002,210901.05,180,0,72,23.9
2002,210901.06,180,0,84,24.4
2002,210901.07,180,0,93,23.9
2002,210901.08,180,0,101,23.3
2002,210901.09,180,0,108,21.7
2002,210901.1,180,0,115,21.7
2002,211002.01,181,0,32,23.9
2002,211002.02,181,1,41,22.8
2002,211002.03,181,0,50,22.8
2002,211002.04,181,1,58,23.3
2002,211002.05,181,1,67,23.3
2002,211002.06,181,0,76,22.2
2002,211002.07,181,2,92,18.9
2002,211002.08,181,0,101,18.9
2002,211002.09,181,0,111,18.9
2002,211002.1,181,0,121,20
2003,210702.01,75,0,115,12
2003,210702.02,75,0,123,11
2003,210702.03,75,0,132,11
2003,210702.04,75,0,142,11
2003,210702.05,75,0,151,11
2003,210702.06,75,0,160,11
2003,210702.07,75,0,167,11
2003,210702.08,75,0,176,11
2003,210702.09,75,0,185,12
2003,210702.1,75,0,193,12
2003,210902.01,75,0,30,11.1
2003,210902.02,75,0,39,11.1
2003,210902.03,75,0,47,11.1
2003,210902.04,75,0,54,10.6
2003,210902.05,75,0,62,10.6
2003,210902.06,75,0,69,10
2003,210902.07,75,0,77,10
2003,210902.08,75,0,86,10
2003,210902.09,75,0,94,10
2003,210902.1,75,0,103,10.6
2003,211301.01,76,0,47,19
2003,211301.02,76,0,68,16
2003,211301.03,76,0,78,15
2003,211301.04,76,0,89,13
2003,211301.05,76,0,99,14
2003,211301.06,76,0,121,14
2003,211301.07,76,0,131,13
2003,211301.08,76,0,143,11
2003,211301.09,76,0,169,12
2003,211301.1,76,0,182,12
2003,211302.01,76,0,164,23
2003,211302.02,76,0,175,18
2003,211302.03,76,0,184,16
2003,211302.04,76,0,193,19
2003,211302.05,76,0,201,17
2003,211302.06,76,0,211,15
2003,211302.07,76,0,220,15
2003,211302.08,76,0,230,14
2003,211302.09,76,0,237,14
2003,211302.1,76,0,247,14
2003,210601.01,77,0,142,11.1
2003,210601.02,77,0,151,11.1
2003,210601.03,77,0,158,10.6
2003,210601.04,77,0,168,11.1
2003,210601.05,77,0,190,10
2003,210601.06,77,0,199,10
2003,210601.07,77,0,213,10.6
2003,210601.08,77,0,227,10.6
2003,210601.09,77,0,243,10
2003,210601.1,77,0,256,10
2003,210801.01,80,0,75,13.3
2003,210801.02,80,0,85,13.3
2003,210801.03,80,0,110,13.3
2003,210801.04,80,0,120,12.8
2003,210801.05,80,0,137,12.8
2003,210801.06,80,0,147,12.8
2003,210801.07,80,0,155,12.2
2003,210801.08,80,0,168,12.2
2003,210801.09,80,0,179,11.7
2003,210801.1,80,0,187,11.1
2003,211102.01,81,0,38,12.8
2003,211102.02,81,0,49,13.9
2003,211102.03,81,0,56,13.9
2003,211102.04,81,0,63,14.4
2003,211102.05,81,1,79,14.4
2003,211102.06,81,0,86,14.4
2003,211102.07,81,0,93,15
2003,211102.08,81,0,101,15
2003,211102.09,81,2,108,15
2003,211102.1,81,1,115,15
2003,210802.01,88,0,122,18.5
2003,210802.02,88,0,131,18
2003,210802.03,88,0,142,19
2003,210802.04,88,0,156,14
2003,210802.05,88,0,170,13.5
2003,210802.06,88,0,179,14.5
2003,210802.07,88,0,189,14
2003,210802.08,88,0,199,13.5
2003,210802.09,88,1,207,13.5
2003,210802.1,88,0,215,14
2003,210302.01,92,0,64,17.8
2003,210302.02,92,0,74,17.8
2003,210302.03,92,0,84,17.2
2003,210302.04,92,0,94,17.2
2003,210302.05,92,0,104,17.2
2003,210302.06,92,0,114,17.2
2003,210302.07,92,0,124,16.7
2003,210302.08,92,0,134,16.7
2003,210302.09,92,0,144,16.7
2003,210302.1,92,0,154,16.7
2003,211101.01,92,0,53,15.5
2003,211101.02,92,0,68,16.5
2003,211101.03,92,0,81,13.5
2003,211101.04,92,0,96,15
2003,211101.05,92,0,117,16
2003,211101.06,92,0,137,14
2003,211101.07,92,0,160,14.5
2003,211101.08,92,0,168,12
2003,211101.09,92,0,183,11.5
2003,211101.1,92,0,193,11
2003,211002.01,93,0,37,12.8
2003,211002.02,93,0,44,13.3
2003,211002.03,93,0,51,12.8
2003,211002.04,93,0,60,12.2
2003,211002.05,93,0,71,11.1
2003,211002.06,93,0,80,10.6
2003,211002.07,93,0,89,10
2003,211002.08,93,0,98,10
2003,211002.09,93,0,106,10
2003,211002.1,93,0,115,10.6
2003,210302.01,106,0,91,20.6
2003,210302.02,106,0,101,20.6
2003,210302.03,106,0,111,20.6
2003,210302.04,106,2,121,20
2003,210302.05,106,0,131,19.4
2003,210302.06,106,0,141,19.4
2003,210302.07,106,0,151,19.4
2003,210302.08,106,0,161,18.3
2003,210302.09,106,0,171,18.3
2003,210302.1,106,0,181,18.3
2003,210601.01,106,3,80,21.1
2003,210601.02,106,3,94,21.7
2003,210601.03,106,3,110,21.1
2003,210601.04,106,3,119,20.6
2003,210601.05,106,3,134,20.6
2003,210601.06,106,3,149,20
2003,210601.07,106,3,158,19.4
2003,210601.08,106,0,162,20
2003,210601.09,106,2,185,19.4
2003,210601.1,106,2,199,18.9
2003,210902.01,106,3,31,23.3
2003,210902.02,106,2,39,22.2
2003,210902.03,106,2,47,20
2003,210902.04,106,0,54,20.6
2003,210902.05,106,3,63,21.1
2003,210902.06,106,3,70,21.1
2003,210902.07,106,3,79,20
2003,210902.08,106,3,88,18.9
2003,210902.09,106,3,98,18.3
2003,210902.1,106,3,111,17.8
2003,211101.01,119,0,37,20.5
2003,211101.02,119,0,47,21
2003,211101.03,119,0,62,16
2003,211101.04,119,0,74,17.5
2003,211101.05,119,0,92,19
2003,211101.06,119,0,111,15.5
2003,211101.07,119,3,135,18.5
2003,211101.08,119,1,145,15
2003,211101.09,119,0,160,14.5
2003,211101.1,119,0,171,16
2003,211102.01,119,0,33,17.8
2003,211102.02,119,1,44,18.9
2003,211102.03,119,2,52,18.9
2003,211102.04,119,0,58,17.8
2003,211102.05,119,2,70,17.8
2003,211102.06,119,0,78,17.8
2003,211102.07,119,2,85,17.2
2003,211102.08,119,2,92,17.2
2003,211102.09,119,3,100,17.2
2003,211102.1,119,0,106,17.2
2003,211002.01,121,1,4,22.8
2003,211002.02,121,1,15,22.8
2003,211002.03,121,2,23,22.8
2003,211002.04,121,2,33,21.7
2003,211002.05,121,2,45,21.7
2003,211002.06,121,2,56,21.7
2003,211002.07,121,3,66,21.1
2003,211002.08,121,2,76,20.6
2003,211002.09,121,2,85,20.6
2003,211002.1,121,2,96,21.1
2003,210702.01,128,0,25,13
2003,210702.02,128,0,34,13
2003,210702.03,128,2,43,13
2003,210702.04,128,0,55,13
2003,210702.05,128,0,65,13
2003,210702.06,128,0,73,13
2003,210702.07,128,0,82,14
2003,210702.08,128,0,91,14
2003,210702.09,128,0,98,14
2003,210702.1,128,0,105,14
2003,211301.01,131,3,57,22
2003,211301.02,131,0,73,23
2003,211301.03,131,3,84,23
2003,211301.04,131,0,94,22
2003,211301.05,131,3,105,23
2003,211301.06,131,3,119,23
2003,211301.07,131,3,129,23
2003,211301.08,131,3,139,24
2003,211301.09,131,3,154,23
2003,211301.1,131,3,166,23
2003,210801.01,135,0,31,17.2
2003,210801.02,135,0,42,17.2
2003,210801.03,135,0,66,16.7
2003,210801.04,135,0,76,16.7
2003,210801.05,135,0,88,16.7
2003,210801.06,135,0,97,16.7
2003,210801.07,135,0,108,15.6
2003,210801.08,135,0,119,15.6
2003,210801.09,135,0,131,15
2003,210801.1,135,0,141,14.4
2003,211101.01,157,0,0,18.5
2003,211101.02,157,0,11,15
2003,211101.03,157,0,27,17
2003,211101.04,157,0,38,17.5
2003,211101.05,157,0,60,19
2003,211101.06,157,0,78,19
2003,211101.07,157,2,103,17
2003,211101.08,157,0,113,15
2003,211101.09,157,0,133,17
2003,211101.1,157,0,144,17
2003,210902.01,161,2,52,20.6
2003,210902.02,161,0,62,20.6
2003,210902.03,161,2,69,20.6
2003,210902.04,161,3,77,20.6
2003,210902.05,161,2,85,20.6
2003,210902.06,161,0,92,21.1
2003,210902.07,161,2,100,21.1
2003,210902.08,161,0,109,20
2003,210902.09,161,0,117,20.6
2003,210902.1,161,0,125,20.6
2003,211301.01,161,2,55,20
2003,211301.02,161,0,74,20
2003,211301.03,161,0,84,20
2003,211301.04,161,0,94,20
2003,211301.05,161,0,106,19
2003,211301.06,161,2,119,19
2003,211301.07,161,1,129,19
2003,211301.08,161,0,141,19
2003,211301.09,161,1,159,19
2003,211301.1,161,1,173,19
2003,210802.01,164,0,49,25
2003,210802.02,164,0,58,25
2003,210802.03,164,0,68,25
2003,210802.04,164,0,79,25
2003,210802.05,164,0,92,24.5
2003,210802.06,164,3,100,25
2003,210802.07,164,0,114,25
2003,210802.08,164,1,122,24
2003,210802.09,164,0,131,23.5
2003,210802.1,164,1,139,23
2003,210702.01,170,0,48,20
2003,210702.02,170,2,56,20
2003,210702.03,170,2,63,20
2003,210702.04,170,3,75,20
2003,210702.05,170,3,83,20
2003,210702.06,170,3,93,20
2003,210702.07,170,1,100,20
2003,210702.08,170,2,107,20
2003,210702.09,170,1,115,20
2003,210702.1,170,2,124,20
2003,211102.01,174,0,33,23.3
2003,211102.02,174,2,43,23.3
2003,211102.03,174,2,49,23.3
2003,211102.04,174,2,56,23.9
2003,211102.05,174,2,67,24.4
2003,211102.06,174,2,73,24.4
2003,211102.07,174,2,80,24.4
2003,211102.08,174,3,87,23.9
2003,211102.09,174,3,94,23.9
2003,211102.1,174,0,101,23.9
2003,211302.01,178,2,84,22.8
2003,211302.02,178,2,94,23.3
2003,211302.03,178,2,102,23.9
2003,211302.04,178,1,111,23.9
2003,211302.05,178,2,119,23.3
2003,211302.06,178,1,128,23.3
2003,211302.07,178,0,138,23.9
2003,211302.08,178,1,150,23.3
2003,211302.09,178,1,157,22.8
2003,211302.1,178,0,166,23.3
2003,210601.01,181,1,30,22.8
2003,210601.02,181,1,39,22.2
2003,210601.03,181,0,52,22.2
2003,210601.04,181,3,74,22.8
2003,210601.05,181,3,88,22.8
2003,210601.06,181,1,101,22.2
2003,210601.07,181,1,117,21.1
2003,210601.08,181,1,133,21.7
2003,210601.09,181,3,146,21.1
2003,210601.1,181,3,162,21.1
2003,210801.01,181,0,56,24
2003,210801.02,181,0,67,24
2003,210801.03,181,0,95,24
2003,210801.04,181,0,103,23.5
2003,210801.05,181,0,114,23.5
2003,210801.06,181,0,125,23.2
2003,210801.07,181,0,132,23.1
2003,210801.08,181,0,146,23
2003,210801.09,181,0,158,23
2003,210801.1,181,0,171,23
2004,210901.01,62,0,62,17
2004,210901.02,62,0,75,16
2004,210901.03,62,0,84,13.5
2004,210901.04,62,0,94,15.5
2004,210901.05,62,0,102,15
2004,210901.06,62,0,111,15
2004,210901.07,62,0,118,14.5
2004,210901.08,62,0,125,16
2004,210901.09,62,0,134,15
2004,210901.1,62,0,142,14
2004,211001.01,62,0,44,10
2004,211001.02,62,0,59,10
2004,211001.03,62,0,76,10
2004,211001.04,62,0,94,10
2004,211001.05,62,0,107,10
2004,211001.06,62,0,124,10
2004,211001.07,62,0,141,10
2004,211001.08,62,0,158,10
2004,211001.09,62,0,171,10
2004,211001.1,62,0,190,10
2004,210802.01,63,0,47,15
2004,210802.02,63,0,56,15
2004,210802.03,63,0,66,15
2004,210802.04,63,0,78,15
2004,210802.05,63,0,94,14
2004,210802.06,63,0,101,13
2004,210802.07,63,0,111,13
2004,210802.08,63,0,118,12
2004,210802.09,63,0,125,11
2004,210802.1,63,0,136,10
2004,210702.01,64,0,161,9
2004,210702.02,64,0,169,8
2004,210702.03,64,0,176,8
2004,210702.04,64,0,188,8
2004,210702.05,64,0,196,8
2004,210702.06,64,0,204,8
2004,210702.07,64,0,210,8
2004,210702.08,64,0,217,10
2004,210702.09,64,0,226,9
2004,210702.1,64,0,234,9
2004,210202.01,65,0,295,21.1
2004,210202.02,65,0,323,20
2004,210202.03,65,0,333,19.4
2004,210202.04,65,0,345,19.4
2004,210202.05,65,0,354,19.4
2004,210202.06,65,0,360,19.4
2004,210202.07,65,0,374,20.6
2004,210202.08,65,0,381,19.4
2004,210202.09,65,0,388,18.9
2004,210202.1,65,0,394,19.4
2004,211302.01,66,0,49,13.3
2004,211302.02,66,0,58,12.2
2004,211302.03,66,0,66,11.7
2004,211302.04,66,0,76,11.7
2004,211302.05,66,0,83,11.7
2004,211302.06,66,0,92,12.8
2004,211302.07,66,0,100,12.2
2004,211302.08,66,0,112,11.7
2004,211302.09,66,0,120,12.2
2004,211302.1,66,0,130,12.2
2004,210601.01,67,0,89,8.9
2004,210601.02,67,0,99,8.9
2004,210601.03,67,0,108,8.9
2004,210601.04,67,0,117,8.9
2004,210601.05,67,0,129,8.9
2004,210601.06,67,0,137,8.3
2004,210601.07,67,0,146,8.3
2004,210601.08,67,0,158,8.3
2004,210601.09,67,0,169,8.3
2004,210601.1,67,0,183,8.3
2004,210302.01,85,0,161,13.9
2004,210302.02,85,0,171,13.9
2004,210302.03,85,0,181,13.9
2004,210302.04,85,0,191,13.3
2004,210302.05,85,0,201,13.3
2004,210302.06,85,0,211,12.8
2004,210302.07,85,0,221,12.2
2004,210302.08,85,0,231,12.2
2004,210302.09,85,0,241,12.2
2004,210302.1,85,0,251,11.7
2004,211002.01,85,0,31,16.1
2004,211002.02,85,0,40,16.1
2004,211002.03,85,0,49,16.1
2004,211002.04,85,0,58,15.6
2004,211002.05,85,0,65,15.6
2004,211002.06,85,0,73,15.6
2004,211002.07,85,0,82,15.6
2004,211002.08,85,0,90,15.6
2004,211002.09,85,0,99,15.6
2004,211002.1,85,0,106,15.6
2004,211102.01,85,0,44,15
2004,211102.02,85,0,55,15
2004,211102.03,85,0,61,14
2004,211102.04,85,0,69,14
2004,211102.05,85,0,83,14
2004,211102.06,85,0,89,14
2004,211102.07,85,0,96,14
2004,211102.08,85,0,103,14
2004,211102.09,85,0,111,14
2004,211102.1,85,0,118,14
2004,211301.01,86,0,139,17
2004,211301.02,86,0,156,17
2004,211301.03,86,0,167,17
2004,211301.04,86,0,176,17
2004,211301.05,86,0,186,17
2004,211301.06,86,0,205,17
2004,211301.07,86,0,216,17
2004,211301.08,86,0,226,17
2004,211301.09,86,0,241,17
2004,211301.1,86,0,254,17
2004,210902.01,87,0,30,17.2
2004,210902.02,87,0,39,16.7
2004,210902.03,87,0,48,16.1
2004,210902.04,87,0,56,16.1
2004,210902.05,87,0,65,16.1
2004,210902.06,87,0,73,16.1
2004,210902.07,87,0,81,15.6
2004,210902.08,87,0,91,16.1
2004,210902.09,87,0,100,16.1
2004,210902.1,87,0,109,16.1
2004,211202.01,94,0,42,12.5
2004,211202.02,94,0,52,14.5
2004,211202.03,94,0,61,12
2004,211202.04,94,0,68,10.5
2004,211202.05,94,0,79,12
2004,211202.06,94,0,87,12.5
2004,211202.07,94,0,96,9.5
2004,211202.08,94,0,107,13
2004,211202.09,94,0,117,10.5
2004,211202.1,94,0,126,11.5
2004,211101.01,98,0,32,13.5
2004,211101.02,98,0,45,14
2004,211101.03,98,0,62,13.5
2004,211101.04,98,0,73,15
2004,211101.05,98,0,95,14
2004,211101.06,98,0,119,11
2004,211101.07,98,0,146,15
2004,211101.08,98,0,154,15
2004,211101.09,98,0,167,15
2004,211101.1,98,0,179,11.5
2004,210902.01,109,3,32,24.4
2004,210902.02,109,3,41,23.3
2004,210902.03,109,3,53,22.8
2004,210902.04,109,3,60,22.8
2004,210902.05,109,3,69,22.8
2004,210902.06,109,2,76,22.8
2004,210902.07,109,3,84,21.7
2004,210902.08,109,3,93,20
2004,210902.09,109,3,102,18.9
2004,210902.1,109,3,110,19.4
2004,210601.01,113,3,133,22.8
2004,210601.02,113,3,141,22.8
2004,210601.03,113,0,149,22.2
2004,210601.04,113,3,158,22.8
2004,210601.05,113,3,170,21.7
2004,210601.06,113,3,178,21.7
2004,210601.07,113,3,186,21.1
2004,210601.08,113,0,197,21.7
2004,210601.09,113,3,208,21.1
2004,210601.1,113,3,215,21.1
2004,211301.01,120,1,48,15
2004,211301.02,120,0,66,17
2004,211301.03,120,0,75,17
2004,211301.04,120,0,85,17
2004,211301.05,120,2,96,17
2004,211301.06,120,2,111,17
2004,211301.07,120,3,121,17
2004,211301.08,120,0,135,17
2004,211301.09,120,3,151,17
2004,211301.1,120,0,163,17
2004,210202.01,122,1,6,21.1
2004,210202.02,122,2,36,21.1
2004,210202.03,122,1,56,21.1
2004,210202.04,122,3,66,21.1
2004,210202.05,122,2,76,20.6
2004,210202.06,122,2,96,21.1
2004,210202.07,122,3,106,21.1
2004,210202.08,122,2,123,21.1
2004,210202.09,122,1,136,22.2
2004,210202.1,122,3,159,20
2004,211101.01,126,0,27,14
2004,211101.02,126,0,40,13
2004,211101.03,126,0,54,12
2004,211101.04,126,0,71,14
2004,211101.05,126,0,97,15
2004,211101.06,126,0,116,13
2004,211101.07,126,0,140,13
2004,211101.08,126,0,150,13
2004,211101.09,126,0,168,15
2004,211101.1,126,0,180,12
2004,210802.01,127,0,66,28
2004,210802.02,127,0,75,28
2004,210802.03,127,0,84,28
2004,210802.04,127,0,96,27
2004,210802.05,127,0,110,28
2004,210802.06,127,0,115,27
2004,210802.07,127,0,124,27
2004,210802.08,127,0,131,27
2004,210802.09,127,0,140,27
2004,210802.1,127,0,147,27
2004,211102.01,127,1,31,17
2004,211102.02,127,0,43,17
2004,211102.03,127,0,50,17
2004,211102.04,127,0,58,17
2004,211102.05,127,0,69,17
2004,211102.06,127,0,77,17
2004,211102.07,127,0,84,16
2004,211102.08,127,0,91,16
2004,211102.09,127,0,98,16
2004,211102.1,127,1,105,16
2004,210302.01,132,0,56,22.8
2004,210302.02,132,2,66,23.3
2004,210302.03,132,3,76,22.8
2004,210302.04,132,1,86,22.8
2004,210302.05,132,1,96,22.8
2004,210302.06,132,2,106,22.8
2004,210302.07,132,2,116,22.8
2004,210302.08,132,0,126,22.8
2004,210302.09,132,2,136,22.8
2004,210302.1,132,0,146,22.8
2004,210702.01,132,1,78,23
2004,210702.02,132,2,85,23
2004,210702.03,132,2,94,23
2004,210702.04,132,2,107,20
2004,210702.05,132,3,116,20
2004,210702.06,132,2,125,20
2004,210702.07,132,0,132,20
2004,210702.08,132,2,140,20
2004,210702.09,132,2,148,22
2004,210702.1,132,3,157,21
2004,210901.01,132,0,28,27
2004,210901.02,132,2,41,27
2004,210901.03,132,1,56,27
2004,210901.04,132,1,68,27
2004,210901.05,132,0,78,27
2004,210901.06,132,1,85,26
2004,210901.07,132,0,95,27
2004,210901.08,132,0,103,25.5
2004,210901.09,132,0,112,27
2004,210901.1,132,1,123,25
2004,211002.01,134,1,30,24.4
2004,211002.02,134,0,36,24.4
2004,211002.03,134,1,48,24.4
2004,211002.04,134,2,58,24.4
2004,211002.05,134,0,65,24.4
2004,211002.06,134,0,73,24.4
2004,211002.07,134,2,82,23.9
2004,211002.08,134,1,90,22.8
2004,211002.09,134,2,99,21.1
2004,211002.1,134,2,108,21.1
2004,211001.01,135,0,26,25.6
2004,211001.02,135,0,38,25.6
2004,211001.03,135,0,47,24.4
2004,211001.04,135,2,58,24.4
2004,211001.05,135,0,66,24.4
2004,211001.06,135,1,76,24.4
2004,211001.07,135,0,84,24.4
2004,211001.08,135,0,91,24.4
2004,211001.09,135,0,99,24.4
2004,211001.1,135,0,107,25
2004,211202.01,135,0,62,25
2004,211202.02,135,0,72,23.5
2004,211202.03,135,1,81,27
2004,211202.04,135,1,90,25
2004,211202.05,135,0,101,24.5
2004,211202.06,135,0,109,25
2004,211202.07,135,0,119,23
2004,211202.08,135,1,127,24
2004,211202.09,135,0,136,22
2004,211202.1,135,1,147,25
2004,211101.01,156,0,42,19
2004,211101.02,156,0,55,17
2004,211101.03,156,0,70,18
2004,211101.04,156,0,82,20
2004,211101.05,156,0,103,18.5
2004,211101.06,156,0,125,20
2004,211101.07,156,0,147,18.5
2004,211101.08,156,0,159,20
2004,211101.09,156,0,175,19
2004,211101.1,156,0,185,17.5
2004,211102.01,160,3,48,22
2004,211102.02,160,0,57,22
2004,211102.03,160,0,63,22
2004,211102.04,160,0,70,22
2004,211102.05,160,2,84,22
2004,211102.06,160,0,91,22
2004,211102.07,160,1,98,22
2004,211102.08,160,0,105,22
2004,211102.09,160,2,113,22
2004,211102.1,160,0,120,22
2004,210601.01,161,2,46,25.6
2004,210601.02,161,0,54,25.6
2004,210601.03,161,0,75,25.6
2004,210601.04,161,0,85,25
2004,210601.05,161,1,96,25.6
2004,210601.06,161,0,108,24.4
2004,210601.07,161,0,122,25
2004,210601.08,161,0,142,24.4
2004,210601.09,161,0,155,24.4
2004,210601.1,161,0,167,24.4
2004,210702.01,168,0,90,25
2004,210702.02,168,0,99,25
2004,210702.03,168,0,106,25
2004,210702.04,168,3,118,24
2004,210702.05,168,3,126,24
2004,210702.06,168,0,136,24
2004,210702.07,168,0,144,24
2004,210702.08,168,1,152,24
2004,210702.09,168,0,160,24
2004,210702.1,168,2,168,23
2004,210802.01,178,0,-25,26
2004,210802.02,178,0,-12,24
2004,210802.03,178,0,-2,23
2004,210802.04,178,0,12,22
2004,210802.05,178,0,26,22
2004,210802.06,178,0,32,22
2004,210802.07,178,0,40,21
2004,210802.08,178,0,49,20
2004,210802.09,178,0,57,20
2004,210802.1,178,0,60,20
2004,211301.01,178,0,48,22
2004,211301.02,178,0,65,20
2004,211301.03,178,1,75,20
2004,211301.04,178,0,83,19
2004,211301.05,178,0,92,20
2004,211301.06,178,0,103,19
2004,211301.07,178,0,111,19
2004,211301.08,178,0,121,19
2004,211301.09,178,0,135,19
2004,211301.1,178,0,147,18
2004,210902.01,179,0,32,21.7
2004,210902.02,179,0,40,21.7
2004,210902.03,179,0,49,21.7
2004,210902.04,179,0,57,21.7
2004,210902.05,179,0,65,21.7
2004,210902.06,179,0,73,21.7
2004,210902.07,179,0,81,21.1
2004,210902.08,179,0,90,19.4
2004,210902.09,179,0,98,20
2004,210902.1,179,0,108,20.6
2004,211202.01,179,0,45,23.5
2004,211202.02,179,0,54,24
2004,211202.03,179,0,62,24
2004,211202.04,179,0,70,24
2004,211202.05,179,0,81,24
2004,211202.06,179,0,90,23.5
2004,211202.07,179,0,99,22.5
2004,211202.08,179,0,108,22.5
2004,211202.09,179,0,118,23
2004,211202.1,179,0,127,23.5
2004,211001.01,181,0,-13,22.8
2004,211001.02,181,0,2,22.8
2004,211001.03,181,0,14,22.8
2004,211001.04,181,0,27,22.2
2004,211001.05,181,0,43,22.2
2004,211001.06,181,0,57,21.7
2004,211001.07,181,0,69,21.1
2004,211001.08,181,0,84,21.1
2004,211001.09,181,0,99,20.6
2004,211001.1,181,0,120,20
2004,210202.01,182,0,15,22.8
2004,210202.02,182,0,30,22.8
2004,210202.03,182,0,45,22.8
2004,210202.04,182,0,60,22.8
2004,210202.05,182,0,78,22.8
2004,210202.06,182,0,92,22.2
2004,210202.07,182,0,108,22.2
2004,210202.08,182,0,129,22.2
2004,210202.09,182,0,150,22.2
2004,210202.1,182,0,165,21.1
2004,210302.01,182,0,30,22.8
2004,210302.02,182,0,40,22.2
2004,210302.03,182,0,50,22.2
2004,210302.04,182,0,60,22.2
2004,210302.05,182,0,70,21.7
2004,210302.06,182,0,80,21.7
2004,210302.07,182,0,90,21.7
2004,210302.08,182,0,100,21.7
2004,210302.09,182,0,110,21.7
2004,210302.1,182,0,120,21.7
2004,210901.01,182,0,40,21.5
2004,210901.02,182,0,51,25
2004,210901.03,182,0,60,23
2004,210901.04,182,0,70,24.5
2004,210901.05,182,0,78,24
2004,210901.06,182,0,84,24
2004,210901.07,182,0,90,24.5
2004,210901.08,182,0,96,24
2004,210901.09,182,0,104,22
2004,210901.1,182,0,112,22
2004,211002.01,182,0,30,23.3
2004,211002.02,182,0,39,23.9
2004,211002.03,182,1,46,23.9
2004,211002.04,182,0,54,23.3
2004,211002.05,182,0,63,23.3
2004,211002.06,182,0,71,23.3
2004,211002.07,182,0,81,22.2
2004,211002.08,182,0,89,21.1
2004,211002.09,182,0,98,20.6
2004,211002.1,182,0,103,20.6
2004,211302.01,182,0,46,21.1
2004,211302.02,182,0,56,23.3
2004,211302.03,182,0,63,20
2004,211302.04,182,0,73,20
2004,211302.05,182,1,80,20
2004,211302.06,182,0,89,20
2004,211302.07,182,0,97,20
2004,211302.08,182,0,105,20
2004,211302.09,182,0,112,19.4
2004,211302.1,182,0,121,18.9
2005,210601.01,66,0,90,8.9
2005,210601.02,66,0,100,8.9
2005,210601.03,66,0,109,8.9
2005,210601.04,66,0,118,8.9
2005,210601.05,66,0,130,8.9
2005,210601.06,66,0,138,8.3
2005,210601.07,66,0,147,8.3
2005,210601.08,66,0,159,8.3
2005,210601.09,66,0,170,8.3
2005,210601.1,66,0,184,8.3
2005,210801.01,66,0,60,11.1
2005,210801.02,66,0,67,11.1
2005,210801.03,66,0,90,10
2005,210801.04,66,0,100,10
2005,210801.05,66,0,115,9.4
2005,210801.06,66,0,125,9.4
2005,210801.07,66,0,140,9.4
2005,210801.08,66,0,150,8.9
2005,210801.09,66,0,162,8.9
2005,210801.1,66,0,170,8.9
2005,210601.01,87,0,173,10.6
2005,210601.02,87,0,182,10.6
2005,210601.03,87,0,193,11.1
2005,210601.04,87,0,204,10.6
2005,210601.05,87,0,228,10
2005,210601.06,87,0,241,10
2005,210601.07,87,0,255,10.6
2005,210601.08,87,0,267,10
2005,210601.09,87,0,289,10
2005,210601.1,87,0,302,10
2005,210902.01,88,0,31,12.2
2005,210902.02,88,0,39,12.2
2005,210902.03,88,0,49,12.2
2005,210902.04,88,0,56,12.2
2005,210902.05,88,0,65,12.2
2005,210902.06,88,0,73,12.2
2005,210902.07,88,0,81,12.2
2005,210902.08,88,0,90,12.2
2005,210902.09,88,0,99,12.2
2005,210902.1,88,0,108,11.7
2005,211101.01,89,0,71,9.5
2005,211101.02,89,0,86,9
2005,211101.03,89,0,100,11.5
2005,211101.04,89,0,111,12
2005,211101.05,89,0,131,12
2005,211101.06,89,0,148,9
2005,211101.07,89,0,172,9.5
2005,211101.08,89,0,182,7
2005,211101.09,89,0,193,9
2005,211101.1,89,0,203,6.5
2005,210702.01,91,0,100,8
2005,210702.02,91,0,108,8
2005,210702.03,91,0,116,8
2005,210702.04,91,0,128,8
2005,210702.05,91,0,137,8
2005,210702.06,91,0,146,8
2005,210702.07,91,0,153,8
2005,210702.08,91,0,160,8
2005,210702.09,91,0,169,8
2005,210702.1,91,0,177,9
2005,211102.01,94,0,37,13
2005,211102.02,94,0,50,13
2005,211102.03,94,0,56,13
2005,211102.04,94,0,64,12
2005,211102.05,94,0,78,12
2005,211102.06,94,0,85,11
2005,211102.07,94,1,92,11
2005,211102.08,94,0,99,10
2005,211102.09,94,0,107,10
2005,211102.1,94,0,114,10
2005,210602.01,95,0,106,12
2005,210602.02,95,0,115,12
2005,210602.03,95,0,127,11
2005,210602.04,95,0,138,12
2005,210602.05,95,0,150,12
2005,210602.06,95,0,160,14
2005,210602.07,95,0,169,12
2005,210602.08,95,0,178,11
2005,210602.09,95,0,184,12
2005,210602.1,95,0,195,10
2005,210802.01,95,0,71,12.2
2005,210802.02,95,0,81,12.8
2005,210802.03,95,0,91,12.2
2005,210802.04,95,0,103,11.7
2005,210802.05,95,0,111,10.6
2005,210802.06,95,1,119,10.6
2005,210802.07,95,2,126,11.1
2005,210802.08,95,0,135,10
2005,210802.09,95,2,143,10
2005,210802.1,95,0,151,10
2005,211201.01,95,0,65,14
2005,211201.02,95,0,79,14
2005,211201.03,95,0,95,13
2005,211201.04,95,0,110,13
2005,211201.05,95,0,122,13
2005,211201.06,95,0,140,13
2005,211201.07,95,0,155,13
2005,211201.08,95,0,171,11
2005,211201.09,95,0,195,9
2005,211201.1,95,0,210,9
2005,211301.01,95,1,68,18
2005,211301.02,95,0,90,16
2005,211301.03,95,1,101,15
2005,211301.04,95,0,110,15
2005,211301.05,95,2,120,19
2005,211301.06,95,1,132,19
2005,211301.07,95,1,140,19
2005,211301.08,95,0,151,17
2005,211301.09,95,1,166,19
2005,211301.1,95,0,179,19
2005,211302.01,95,0,35,14.4
2005,211302.02,95,1,43,14.4
2005,211302.03,95,1,51,13.3
2005,211302.04,95,0,59,12.2
2005,211302.05,95,0,66,12.2
2005,211302.06,95,0,75,11.7
2005,211302.07,95,0,84,11.7
2005,211302.08,95,0,92,11.7
2005,211302.09,95,0,99,11.1
2005,211302.1,95,0,108,11.1
2005,210901.01,96,0,52,22
2005,210901.02,96,0,71,22.5
2005,210901.03,96,0,83,22
2005,210901.04,96,0,96,23
2005,210901.05,96,0,104,22
2005,210901.06,96,3,111,22
2005,210901.07,96,0,122,21
2005,210901.08,96,0,133,21
2005,210901.09,96,0,138,20
2005,210901.1,96,0,148,20
2005,211002.01,97,0,31,20.6
2005,211002.02,97,2,37,21.1
2005,211002.03,97,0,45,21.1
2005,211002.04,97,0,52,20.6
2005,211002.05,97,0,59,20.6
2005,211002.06,97,0,66,21.1
2005,211002.07,97,0,74,20.6
2005,211002.08,97,0,82,20.6
2005,211002.09,97,0,90,20
2005,211002.1,97,0,97,20
2005,210902.01,117,0,32,15
2005,210902.02,117,1,41,15
2005,210902.03,117,0,50,15
2005,210902.04,117,0,57,14.4
2005,210902.05,117,0,66,14.4
2005,210902.06,117,0,74,14.4
2005,210902.07,117,0,81,14.4
2005,210902.08,117,0,91,14.4
2005,210902.09,117,0,99,14.4
2005,210902.1,117,0,108,14.4
2005,210601.01,130,3,61,12.2
2005,210601.02,130,3,70,12.2
2005,210601.03,130,0,82,12.8
2005,210601.04,130,0,96,12.2
2005,210601.05,130,3,113,11.7
2005,210601.06,130,0,130,12.2
2005,210601.07,130,0,152,10.6
2005,210601.08,130,3,175,11.1
2005,210601.09,130,0,187,10.6
2005,210601.1,130,2,197,10.6
2005,211101.01,130,0,18,16
2005,211101.02,130,0,30,13
2005,211101.03,130,0,48,14
2005,211101.04,130,0,59,16
2005,211101.05,130,0,78,13
2005,211101.06,130,0,98,13
2005,211101.07,130,2,122,14
2005,211101.08,130,2,132,13
2005,211101.09,130,0,146,13.5
2005,211101.1,130,2,156,11.5
2005,210702.01,131,0,58,22
2005,210702.02,131,1,65,22
2005,210702.03,131,3,72,22
2005,210702.04,131,2,84,20
2005,210702.05,131,2,91,20
2005,210702.06,131,2,100,20
2005,210702.07,131,2,107,20
2005,210702.08,131,2,116,20
2005,210702.09,131,2,124,20
2005,210702.1,131,2,131,21
2005,210802.01,131,0,52,23
2005,210802.02,131,0,65,23.5
2005,210802.03,131,2,94,22
2005,210802.04,131,1,110,22
2005,210802.05,131,1,127,21
2005,210802.06,131,2,143,21.5
2005,210802.07,131,1,157,21.5
2005,210802.08,131,2,171,20
2005,210802.09,131,2,183,20.5
2005,210802.1,131,2,195,20
2005,210901.01,131,1,47,22.5
2005,210901.02,131,1,58,23
2005,210901.03,131,1,68,22.5
2005,210901.04,131,1,78,22.5
2005,210901.05,131,3,88,23
2005,210901.06,131,1,95,22
2005,210901.07,131,0,101,22
2005,210901.08,131,0,106,22
2005,210901.09,131,3,113,22
2005,210901.1,131,2,121,20.5
2005,211002.01,131,3,147,18.3
2005,211002.02,131,2,155,18.3
2005,211002.03,131,2,163,20
2005,211002.04,131,0,170,18.3
2005,211002.05,131,2,177,18.9
2005,211002.06,131,0,185,18.9
2005,211002.07,131,2,194,18.9
2005,211002.08,131,1,201,17.8
2005,211002.09,131,0,214,17.2
2005,211002.1,131,0,220,17.8
2005,211102.01,131,3,31,21
2005,211102.02,131,1,43,21
2005,211102.03,131,2,54,21
2005,211102.04,131,0,61,20
2005,211102.05,131,2,75,20
2005,211102.06,131,2,82,20
2005,211102.07,131,2,89,20
2005,211102.08,131,2,96,20
2005,211102.09,131,2,104,20
2005,211102.1,131,1,111,20
2005,211201.01,131,3,55,16
2005,211201.02,131,3,66,16
2005,211201.03,131,2,77,16
2005,211201.04,131,2,89,15
2005,211201.05,131,0,104,15
2005,211201.06,131,0,115,15
2005,211201.07,131,3,128,14
2005,211201.08,131,0,144,14
2005,211201.09,131,3,158,13
2005,211201.1,131,3,168,14
2005,211202.01,131,3,42,20
2005,211202.02,131,2,52,19.4
2005,211202.03,131,0,62,20
2005,211202.04,131,0,70,18.9
2005,211202.05,131,0,77,19.4
2005,211202.06,131,3,87,19.4
2005,211202.07,131,2,97,19.4
2005,211202.08,131,0,107,19.4
2005,211202.09,131,2,117,18.3
2005,211202.1,131,2,127,18.3
2005,211301.01,131,3,83,20
2005,211301.02,131,0,106,20
2005,211301.03,131,2,115,20
2005,211301.04,131,1,124,18
2005,211301.05,131,1,133,20
2005,211301.06,131,3,138,20
2005,211301.07,131,2,155,20
2005,211301.08,131,0,166,20
2005,211301.09,131,2,178,20
2005,211301.1,131,1,189,20
2005,211102.01,157,1,28,25
2005,211102.02,157,1,42,25
2005,211102.03,157,1,49,25
2005,211102.04,157,0,56,25
2005,211102.05,157,0,68,25
2005,211102.06,157,1,74,24
2005,211102.07,157,0,81,24
2005,211102.08,157,1,88,24
2005,211102.09,157,1,96,24
2005,211102.1,157,1,103,24
2005,210602.01,158,1,36,26
2005,210602.02,158,1,43,25
2005,210602.03,158,1,56,26
2005,210602.04,158,2,67,26
2005,210602.05,158,0,75,24.5
2005,210602.06,158,2,86,23.5
2005,210602.07,158,3,101,24
2005,210602.08,158,2,108,23
2005,210602.09,158,2,116,24.5
2005,210602.1,158,0,139,23
2005,210902.01,163,0,36,26.1
2005,210902.02,163,0,44,26.1
2005,210902.03,163,1,52,25.6
2005,210902.04,163,2,62,25.6
2005,210902.05,163,2,70,25.6
2005,210902.06,163,0,78,25.6
2005,210902.07,163,1,86,25.6
2005,210902.08,163,0,96,25
2005,210902.09,163,2,104,24.4
2005,210902.1,163,0,112,24.4
2005,210601.01,165,1,40,28.3
2005,210601.02,165,0,49,27.8
2005,210601.03,165,0,55,27.8
2005,210601.04,165,0,66,27.8
2005,210601.05,165,0,81,27.2
2005,210601.06,165,0,96,27.8
2005,210601.07,165,0,107,26.7
2005,210601.08,165,0,119,27.2
2005,210601.09,165,0,131,26.7
2005,210601.1,165,0,148,26.7
2005,211002.01,167,1,36,20
2005,211002.02,167,0,42,20
2005,211002.03,167,0,50,20
2005,211002.04,167,1,58,20
2005,211002.05,167,0,65,20
2005,211002.06,167,0,72,18.9
2005,211002.07,167,1,81,18.9
2005,211002.08,167,0,90,18.9
2005,211002.09,167,0,98,18.9
2005,211002.1,167,0,106,18.9
2005,211202.01,167,0,137,18.9
2005,211202.02,167,1,145,18.9
2005,211202.03,167,0,152,18.9
2005,211202.04,167,0,159,18.9
2005,211202.05,167,0,167,18.9
2005,211202.06,167,0,174,18.9
2005,211202.07,167,0,182,18.3
2005,211202.08,167,0,187,18.3
2005,211202.09,167,0,196,17.2
2005,211202.1,167,0,205,17.2
2005,211101.01,174,0,30,22
2005,211101.02,174,0,43,18
2005,211101.03,174,0,58,22
2005,211101.04,174,0,67,23.5
2005,211101.05,174,0,85,21
2005,211101.06,174,0,105,22
2005,211101.07,174,3,132,22
2005,211101.08,174,0,142,21
2005,211101.09,174,0,155,20
2005,211101.1,174,0,169,21
2005,210901.01,175,0,44,23.5
2005,210901.02,175,1,54,23.5
2005,210901.03,175,0,63,23
2005,210901.04,175,1,73,23
2005,210901.05,175,0,83,22
2005,210901.06,175,2,89,22.5
2005,210901.07,175,0,95,22.5
2005,210901.08,175,0,101,23
2005,210901.09,175,1,109,22
2005,210901.1,175,0,118,23
2005,210702.01,180,0,74,23
2005,210702.02,180,2,82,23
2005,210702.03,180,3,90,23
2005,210702.04,180,3,102,22
2005,210702.05,180,2,111,22
2005,210702.06,180,2,120,22
2005,210702.07,180,0,128,22
2005,210702.08,180,1,135,22
2005,210702.09,180,0,142,22
2005,210702.1,180,0,149,22
2005,210802.01,181,3,60,25.6
2005,210802.02,181,2,68,25.6
2005,210802.03,181,3,82,25
2005,210802.04,181,2,97,25
2005,210802.05,181,2,108,25
2005,210802.06,181,3,128,24.4
2005,210802.07,181,3,140,24.4
2005,210802.08,181,2,156,24.4
2005,210802.09,181,2,166,24.4
2005,210802.1,181,2,176,23.9
2005,211301.01,181,0,64,25
2005,211301.02,181,0,81,24
2005,211301.03,181,0,90,24
2005,211301.04,181,0,100,24
2005,211301.05,181,0,112,23
2005,211301.06,181,0,124,23
2005,211301.07,181,0,133,23
2005,211301.08,181,0,143,23
2005,211301.09,181,0,156,23
2005,211301.1,181,0,172,23
2006,210902.01,62,0,147,17.5
2006,210902.02,62,0,158,16
2006,210902.03,62,0,175,16.5
2006,210902.04,62,0,185,17
2006,210902.05,62,0,198,14.5
2006,210902.06,62,0,209,15.5
2006,210902.07,62,0,224,
2006,210902.08,62,0,230,16
2006,210902.09,62,0,243,16
2006,210902.1,62,0,259,15
2006,210302.01,68,0,275,13
2006,210302.02,68,0,288,14
2006,210302.03,68,0,298,14
2006,210302.04,68,0,308,14
2006,210302.05,68,0,318,13
2006,210302.06,68,0,327,14
2006,210302.07,68,0,340,14
2006,210302.08,68,0,351,15
2006,210302.09,68,0,362,14
2006,210302.1,68,0,371,14
2006,210602.01,69,0,63,20
2006,210602.02,69,0,72,20.5
2006,210602.03,69,0,85,20.5
2006,210602.04,69,0,95,20
2006,210602.05,69,0,103,17.5
2006,210602.06,69,0,113,19
2006,210602.07,69,0,122,18
2006,210602.08,69,0,131,16.5
2006,210602.09,69,0,140,16
2006,210602.1,69,0,152,16
2006,210901.01,69,0,113,18
2006,210901.02,69,0,124,18
2006,210901.03,69,0,133,17.5
2006,210901.04,69,0,144,17.5
2006,210901.05,69,0,153,17
2006,210901.06,69,0,159,17
2006,210901.07,69,0,167,16
2006,210901.08,69,0,174,16.5
2006,210901.09,69,0,187,16
2006,210901.1,69,0,194,17
2006,210202.01,70,0,215,23
2006,210202.02,70,0,245,14
2006,210202.03,70,0,260,14
2006,210202.04,70,0,275,14
2006,210202.05,70,0,290,15
2006,210202.06,70,0,305,16
2006,210202.07,70,0,320,18
2006,210202.08,70,0,335,12
2006,210202.09,70,0,350,13
2006,210202.1,70,0,360,14
2006,210702.01,71,0,74,17
2006,210702.02,71,0,83,17
2006,210702.03,71,0,91,17
2006,210702.04,71,0,103,19
2006,210702.05,71,0,111,17
2006,210702.06,71,0,121,17
2006,210702.07,71,0,128,17
2006,210702.08,71,0,135,17
2006,210702.09,71,0,144,16
2006,210702.1,71,0,152,15
2006,211301.01,71,0,31,14
2006,211301.02,71,0,53,14
2006,211301.03,71,0,123,14
2006,211301.04,71,0,134,14
2006,211301.05,71,0,144,14
2006,211301.06,71,0,156,14
2006,211301.07,71,0,164,13
2006,211301.08,71,0,174,13
2006,211301.09,71,0,187,13
2006,211301.1,71,0,199,12
2006,211001.01,72,0,45,23
2006,211001.02,72,0,56,24
2006,211001.03,72,0,67,23
2006,211001.04,72,0,81,23
2006,211001.05,72,0,89,23
2006,211001.06,72,0,97,24
2006,211001.07,72,0,118,24
2006,211001.08,72,0,131,27
2006,211001.09,72,0,139,25
2006,211001.1,72,0,148,25
2006,210302.01,89,0,243,8
2006,210302.02,89,0,253,8
2006,210302.03,89,0,263,7
2006,210302.04,89,0,273,7
2006,210302.05,89,0,283,7
2006,210302.06,89,0,292,7
2006,210302.07,89,0,306,7
2006,210302.08,89,0,315,7
2006,210302.09,89,0,325,7
2006,210302.1,89,0,333,7
2006,210801.01,90,0,40,20
2006,210801.02,90,0,59,20
2006,210801.03,90,0,96,20
2006,210801.04,90,0,107,20.5
2006,210801.05,90,0,124,18
2006,210801.06,90,0,137,17
2006,210801.07,90,0,149,15.5
2006,210801.08,90,0,167,14
2006,210801.09,90,0,186,15
2006,210801.1,90,0,203,12
2006,211101.01,90,0,78,16.5
2006,211101.02,90,0,91,16.5
2006,211101.03,90,0,105,21
2006,211101.04,90,0,116,20
2006,211101.05,90,0,136,17
2006,211101.06,90,0,164,15
2006,211101.07,90,0,185,19
2006,211101.08,90,0,197,19
2006,211101.09,90,0,211,18
2006,211101.1,90,0,224,16
2006,210202.01,91,0,111,23
2006,210202.02,91,0,135,14
2006,210202.03,91,0,147,13
2006,210202.04,91,0,159,11
2006,210202.05,91,0,171,12
2006,210202.06,91,0,183,12
2006,210202.07,91,0,195,12
2006,210202.08,91,0,207,13
2006,210202.09,91,0,219,10
2006,210202.1,91,0,233,13
2006,211002.07,96,0,-28,8.9
2006,211002.08,96,0,-19,8.3
2006,211002.09,96,0,-9,8.3
2006,211002.1,96,0,0,7.8
2006,210302.01,109,0,90,15
2006,210302.02,109,0,99,15
2006,210302.03,109,0,112,15
2006,210302.04,109,0,121,14
2006,210302.05,109,0,131,14
2006,210302.06,109,0,139,15
2006,210302.07,109,0,147,15
2006,210302.08,109,0,157,14
2006,210302.09,109,0,168,14
2006,210302.1,109,0,176,14
2006,211301.01,124,1,82,19
2006,211301.02,124,1,99,19
2006,211301.03,124,2,107,19
2006,211301.04,124,0,119,17
2006,211301.05,124,0,131,18
2006,211301.06,124,2,139,17
2006,211301.07,124,2,147,18
2006,211301.08,124,1,158,17
2006,211301.09,124,2,169,17
2006,211301.1,124,2,191,19
2006,210602.01,125,0,49,20
2006,210602.02,125,2,59,20.5
2006,210602.03,125,2,73,21
2006,210602.04,125,3,85,21.5
2006,210602.05,125,0,94,21
2006,210602.06,125,3,108,23
2006,210602.07,125,2,118,24
2006,210602.08,125,2,127,22
2006,210602.09,125,1,138,23
2006,210602.1,125,2,151,25
2006,211002.01,126,0,39,20
2006,211002.02,126,0,48,20
2006,211002.03,126,0,56,20
2006,211002.04,126,0,65,19.4
2006,211002.05,126,0,73,19.4
2006,211002.06,126,0,81,18.9
2006,211002.07,126,0,92,17.8
2006,211002.08,126,0,100,17.8
2006,211002.09,126,0,109,17.8
2006,211002.1,126,0,117,17.2
2006,210202.01,132,1,45,18
2006,210202.02,132,1,64,19
2006,210202.03,132,1,76,15
2006,210202.04,132,1,87,14
2006,210202.05,132,0,95,14
2006,210202.06,132,0,104,14
2006,210202.07,132,0,114,14
2006,210202.08,132,2,123,13
2006,210202.09,132,0,136,16
2006,210202.1,132,0,146,13
2006,210901.01,133,0,65,17
2006,210901.02,133,1,76,16
2006,210901.03,133,0,86,17
2006,210901.04,133,0,96,19
2006,210901.05,133,0,105,16.5
2006,210901.06,133,1,111,15
2006,210901.07,133,0,118,16
2006,210901.08,133,0,124,15
2006,210901.09,133,0,130,15
2006,210901.1,133,0,134,13.5
2006,211101.01,135,0,33,15
2006,211101.02,135,0,48,13
2006,211101.03,135,0,63,13
2006,211101.04,135,0,74,13
2006,211101.05,135,0,93,16
2006,211101.06,135,0,116,14
2006,211101.07,135,0,138,15
2006,211101.08,135,0,149,14
2006,211101.09,135,0,165,13
2006,211101.1,135,0,176,13
2006,210702.01,137,0,147,20
2006,210702.02,137,0,156,20
2006,210702.03,137,0,163,21
2006,210702.04,137,0,175,21
2006,210702.05,137,0,182,21
2006,210702.06,137,0,191,21
2006,210702.07,137,0,199,21
2006,210702.08,137,0,206,20
2006,210702.09,137,0,215,19
2006,210702.1,137,0,223,18
2006,210302.01,166,1,84,19
2006,210302.02,166,2,92,20
2006,210302.03,166,0,102,19
2006,210302.04,166,2,111,19
2006,210302.05,166,1,120,19
2006,210302.06,166,1,129,19
2006,210302.07,166,0,137,19
2006,210302.08,166,0,148,20
2006,210302.09,166,1,158,19
2006,210302.1,166,1,166,19
2006,210202.01,169,0,32,24
2006,210202.02,169,1,50,24
2006,210202.03,169,1,61,23
2006,210202.04,169,2,71,24
2006,210202.05,169,2,80,24
2006,210202.06,169,0,99,24
2006,210202.07,169,1,102,24
2006,210202.08,169,1,113,23
2006,210202.09,169,2,124,23
2006,210202.1,169,2,138,22
2006,211101.01,170,0,13,22
2006,211101.02,170,0,25,24
2006,211101.03,170,0,38,24
2006,211101.04,170,0,49,24.5
2006,211101.05,170,0,68,24
2006,211101.06,170,0,84,24
2006,211101.07,170,3,109,24
2006,211101.08,170,0,125,24
2006,211101.09,170,0,139,23
2006,211101.1,170,0,151,22
2006,210702.01,172,0,85,25
2006,210702.02,172,1,94,25
2006,210702.03,172,0,102,25
2006,210702.04,172,0,114,25
2006,210702.05,172,0,121,25
2006,210702.06,172,0,128,24
2006,210702.07,172,0,139,24
2006,210702.08,172,1,147,23
2006,210702.09,172,2,155,23
2006,210702.1,172,2,164,22
2006,211301.01,172,0,40,25
2006,211301.02,172,0,58,25
2006,211301.03,172,0,67,25
2006,211301.04,172,0,76,23
2006,211301.05,172,0,85,23
2006,211301.06,172,0,97,22
2006,211301.07,172,1,106,21
2006,211301.08,172,0,117,23
2006,211301.09,172,0,129,21
2006,211301.1,172,0,140,20
2006,210602.01,173,0,55,29
2006,210602.02,173,2,65,28
2006,210602.03,173,1,77,29
2006,210602.04,173,2,86,28
2006,210602.05,173,0,96,27
2006,210602.06,173,2,106,28
2006,210602.07,173,0,117,28
2006,210602.08,173,0,124,28
2006,210602.09,173,0,133,27
2006,210602.1,173,0,144,26
2006,211001.01,178,2,71,21
2006,211001.02,178,0,87,26
2006,211001.03,178,0,95,27
2006,211001.04,178,1,108,26
2006,211001.05,178,1,115,26
2006,211001.06,178,2,126,26
2006,211001.07,178,2,134,26
2006,211001.08,178,0,144,26
2006,211001.09,178,0,152,26
2006,211001.1,178,0,167,25
2006,210901.01,179,1,52,25
2006,210901.02,179,2,62,25.5
2006,210901.03,179,0,72,24.5
2006,210901.04,179,2,80,25
2006,210901.05,179,0,88,24
2006,210901.06,179,3,95,23.5
2006,210901.07,179,0,102,24
2006,210901.08,179,0,108,24.5
2006,210901.09,179,2,115,23.5
2006,210901.1,179,0,124,22.5
2006,210801.01,180,0,27,27
2006,210801.02,180,0,42,30
2006,210801.03,180,0,67,28
2006,210801.04,180,0,76,25
2006,210801.05,180,0,89,25.5
2006,210801.06,180,0,100,24.5
2006,210801.07,180,0,110,23
2006,210801.08,180,0,123,21.5
2006,210801.09,180,0,137,21.5
2006,210801.1,180,0,148,22.5
2006,210902.01,180,1,30,24
2006,210902.02,180,0,50,26
2006,210902.03,180,1,65,26
2006,210902.04,180,1,75,27
2006,210902.05,180,1,86,24
2006,210902.06,180,0,96,25
2006,210902.07,180,1,106,23.5
2006,210902.08,180,0,117,23.5
2006,210902.09,180,2,130,23.5
2006,210902.1,180,2,140,24.5
2006,211002.01,181,0,32,22.8
2006,211002.02,181,1,38,22.2
2006,211002.03,181,0,48,21.7
2006,211002.04,181,2,58,22.2
2006,211002.05,181,0,66,22.2
2006,211002.06,181,1,72,21.7
2006,211002.07,181,1,78,21.7
2006,211002.08,181,0,90,21.7
2006,211002.09,181,0,98,21.7
2006,211002.1,181,0,105,21.1
